8016;Bia³ystok Narodowych Si³ Zbrojnych 3;R08;17 04 05;2,16
8016;Bia³ystok Narodowych Si³ Zbrojnych 3;R08;16 03 05*;0,18
8016;Bia³ystok Narodowych Si³ Zbrojnych 3;R08;16 02 14;0,04
8016;Bia³ystok Narodowych Si³ Zbrojnych 3;R08;16 02 16;0,09
8016;Bia³ystok Narodowych Si³ Zbrojnych 3;R08;16 03 06;1,27
8016;Bia³ystok Narodowych Si³ Zbrojnych 3;R08;17 09 04;134,58
8016;Bia³ystok Narodowych Si³ Zbrojnych 3;R08;07 04 81;0,10
8016;Bia³ystok Narodowych Si³ Zbrojnych 3;R08;15 01 03;67,89
8016;Bia³ystok Narodowych Si³ Zbrojnych 3;R08;16 02 13*;0,09
8016;Bia³ystok Narodowych Si³ Zbrojnych 3;R08;15 01 01;30,92
8016;Bia³ystok Narodowych Si³ Zbrojnych 3;R08;07 04 80*;0,17
8016;Bia³ystok Narodowych Si³ Zbrojnych 3;R08;15 01 02;8,58
8057;S³upsk Hubalczyków 2;R07;17 04 05;2,75
8057;S³upsk Hubalczyków 2;R07;15 01 10*;0,04
8057;S³upsk Hubalczyków 2;R07;16 03 05*;1,00
8057;S³upsk Hubalczyków 2;R07;16 02 14;0,18
8057;S³upsk Hubalczyków 2;R07;17 01 07;6,82
8057;S³upsk Hubalczyków 2;R07;03 01 05;4,58
8057;S³upsk Hubalczyków 2;R07;17 01 03;59,14
8057;S³upsk Hubalczyków 2;R07;15 01 11*;0,02
8057;S³upsk Hubalczyków 2;R07;13 02 08*;0,02
8057;S³upsk Hubalczyków 2;R07;15 01 03;81,15
8057;S³upsk Hubalczyków 2;R07;16 02 13*;0,02
8057;S³upsk Hubalczyków 2;R07;15 01 01;38,87
8057;S³upsk Hubalczyków 2;R07;07 04 80*;0,02
8057;S³upsk Hubalczyków 2;R07;15 01 02;9,48
8058;Skierniewice Wyszyñskiego 10;R01;17 04 05;1,62
8058;Skierniewice Wyszyñskiego 10;R01;15 01 06;26,70
8058;Skierniewice Wyszyñskiego 10;R01;16 02 14;0,05
8058;Skierniewice Wyszyñskiego 10;R01;17 01 07;23,00
8058;Skierniewice Wyszyñskiego 10;R01;03 01 05;11,02
8058;Skierniewice Wyszyñskiego 10;R01;15 01 03;8,12
8058;Skierniewice Wyszyñskiego 10;R01;15 01 01;19,97
8058;Skierniewice Wyszyñskiego 10;R01;15 01 02;8,15
8069;Skar¿ysko-Kamienna Pi³sudskiego 2;R06;15 01 10*;0,01
8069;Skar¿ysko-Kamienna Pi³sudskiego 2;R06;16 03 03*;0,77
8069;Skar¿ysko-Kamienna Pi³sudskiego 2;R06;16 02 14;0,27
8069;Skar¿ysko-Kamienna Pi³sudskiego 2;R06;07 04 81;0,01
8069;Skar¿ysko-Kamienna Pi³sudskiego 2;R06;17 01 07;2,70
8069;Skar¿ysko-Kamienna Pi³sudskiego 2;R06;15 01 03;52,22
8069;Skar¿ysko-Kamienna Pi³sudskiego 2;R06;15 01 01;15,14
8069;Skar¿ysko-Kamienna Pi³sudskiego 2;R06;17 04 07;0,82
8069;Skar¿ysko-Kamienna Pi³sudskiego 2;R06;15 01 02;5,38
8000;Siedziba Warszawa Krakowiaków 78;;16 02 14;0,34
8033;Rybnik Obwiednia Pó³nocna 21;R02;17 04 05;3,05
8033;Rybnik Obwiednia Pó³nocna 21;R02;16 03 03*;0,33
8033;Rybnik Obwiednia Pó³nocna 21;R02;16 02 14;1,19
8033;Rybnik Obwiednia Pó³nocna 21;R02;17 01 07;222,92
8033;Rybnik Obwiednia Pó³nocna 21;R02;15 01 03;46,10
8033;Rybnik Obwiednia Pó³nocna 21;R02;15 01 01;27,51
8033;Rybnik Obwiednia Pó³nocna 21;R02;07 04 80*;0,05
8033;Rybnik Obwiednia Pó³nocna 21;R02;15 01 02;9,14
8033;Rybnik Obwiednia Pó³nocna 21;R02;15 02 03;0,04
8027;Rumia Grunwaldzka 5;R07;16 03 05*;1,23
8027;Rumia Grunwaldzka 5;R07;16 02 14;0,03
8027;Rumia Grunwaldzka 5;R07;17 09 04;146,90
8027;Rumia Grunwaldzka 5;R07;17 06 04;2,40
8027;Rumia Grunwaldzka 5;R07;15 01 11*;0,00
8027;Rumia Grunwaldzka 5;R07;15 02 02*;0,03
8027;Rumia Grunwaldzka 5;R07;13 02 08*;0,00
8027;Rumia Grunwaldzka 5;R07;15 01 03;118,10
8027;Rumia Grunwaldzka 5;R07;15 01 01;35,16
8027;Rumia Grunwaldzka 5;R07;07 04 80*;0,05
8027;Rumia Grunwaldzka 5;R07;15 01 02;19,30
8062;Radom Energetyków 1;R01;15 01 10*;0,70
8062;Radom Energetyków 1;R01;16 03 05*;0,28
8062;Radom Energetyków 1;R01;16 02 14;0,22
8062;Radom Energetyków 1;R01;17 01 07;22,82
8062;Radom Energetyków 1;R01;17 09 04;68,04
8062;Radom Energetyków 1;R01;15 01 11*;0,09
8062;Radom Energetyków 1;R01;17 04 07;1,75
8062;Radom Energetyków 1;R01;20 01 36;0,19
8062;Radom Energetyków 1;R01;15 01 01;21,76
8062;Radom Energetyków 1;R01;07 04 80*;0,23
8062;Radom Energetyków 1;R01;15 01 02;6,92
8070;Racibórz Rybnicka 95;R05;17 04 05;5,68
8070;Racibórz Rybnicka 95;R05;17 01 01;38,68
8070;Racibórz Rybnicka 95;R05;16 02 14;1,02
8070;Racibórz Rybnicka 95;R05;17 01 07;140,74
8070;Racibórz Rybnicka 95;R05;08 01 11*;0,08
8070;Racibórz Rybnicka 95;R05;15 01 03;40,80
8070;Racibórz Rybnicka 95;R05;16 02 13*;0,12
8070;Racibórz Rybnicka 95;R05;15 01 01;28,24
8070;Racibórz Rybnicka 95;R05;07 04 80*;0,08
8070;Racibórz Rybnicka 95;R05;15 01 02;10,04
8060;Pu³awy Fieldorfa Nila 20;R06;17 04 05;4,41
8060;Pu³awy Fieldorfa Nila 20;R06;16 03 03*;0,74
8060;Pu³awy Fieldorfa Nila 20;R06;08 01 12;1,23
8060;Pu³awy Fieldorfa Nila 20;R06;16 02 14;0,02
8060;Pu³awy Fieldorfa Nila 20;R06;17 01 07;33,20
8060;Pu³awy Fieldorfa Nila 20;R06;15 01 03;45,20
8060;Pu³awy Fieldorfa Nila 20;R06;15 01 04;0,01
8060;Pu³awy Fieldorfa Nila 20;R06;15 01 01;16,96
8060;Pu³awy Fieldorfa Nila 20;R06;15 01 02;5,94
8052;Przemyœl Lwowska 17;R06;17 04 05;1,39
8052;Przemyœl Lwowska 17;R06;17 01 01;23,88
8052;Przemyœl Lwowska 17;R06;15 01 10*;0,01
8052;Przemyœl Lwowska 17;R06;16 03 03*;0,03
8052;Przemyœl Lwowska 17;R06;16 02 14;0,28
8052;Przemyœl Lwowska 17;R06;03 01 05;3,20
8052;Przemyœl Lwowska 17;R06;13 02 08*;0,02
8052;Przemyœl Lwowska 17;R06;15 01 03;33,74
8052;Przemyœl Lwowska 17;R06;16 02 13*;0,01
8052;Przemyœl Lwowska 17;R06;15 01 01;18,38
8052;Przemyœl Lwowska 17;R06;15 01 02;5,59
8003;Poznañ Murawa 39;R04;17 04 05;5,24
8003;Poznañ Murawa 39;R04;08 01 12;0,01
8003;Poznañ Murawa 39;R04;16 03 05*;1,11
8003;Poznañ Murawa 39;R04;16 02 14;0,15
8003;Poznañ Murawa 39;R04;17 01 07;54,84
8003;Poznañ Murawa 39;R04;03 01 05;15,80
8003;Poznañ Murawa 39;R04;15 01 06;36,98
8003;Poznañ Murawa 39;R04;15 01 03;87,26
8003;Poznañ Murawa 39;R04;15 01 01;48,62
8003;Poznañ Murawa 39;R04;15 01 02;12,84
8131;Pabianice Grota Roweckiego 8A;R01;17 04 05;1,48
8131;Pabianice Grota Roweckiego 8A;R01;15 01 06;12,59
8131;Pabianice Grota Roweckiego 8A;R01;17 01 07;3,90
8131;Pabianice Grota Roweckiego 8A;R01;03 01 05;0,10
8131;Pabianice Grota Roweckiego 8A;R01;15 01 03;17,19
8131;Pabianice Grota Roweckiego 8A;R01;15 01 01;17,69
8131;Pabianice Grota Roweckiego 8A;R01;15 01 02;6,63
8103;Oœwiêcim Zatorska 1;R02;17 04 05;6,86
8103;Oœwiêcim Zatorska 1;R02;17 01 01;17,96
8103;Oœwiêcim Zatorska 1;R02;15 01 10*;0,25
8103;Oœwiêcim Zatorska 1;R02;17 02 01;36,38
8103;Oœwiêcim Zatorska 1;R02;16 02 14;0,82
8103;Oœwiêcim Zatorska 1;R02;16 03 04;0,38
8103;Oœwiêcim Zatorska 1;R02;17 09 04;22,95
8103;Oœwiêcim Zatorska 1;R02;03 01 05;0,79
8103;Oœwiêcim Zatorska 1;R02;08 01 11*;0,15
8103;Oœwiêcim Zatorska 1;R02;15 02 02*;0,03
8103;Oœwiêcim Zatorska 1;R02;15 01 06;9,08
8103;Oœwiêcim Zatorska 1;R02;13 02 08*;0,02
8103;Oœwiêcim Zatorska 1;R02;13 07 03*;0,00
8103;Oœwiêcim Zatorska 1;R02;15 01 03;4,00
8103;Oœwiêcim Zatorska 1;R02;15 01 01;26,82
8103;Oœwiêcim Zatorska 1;R02;15 01 02;5,22
8103;Oœwiêcim Zatorska 1;R02;15 02 03;0,06
8071;Ostrowiec ¯eromskiego 13;R06;17 04 05;5,19
8071;Ostrowiec ¯eromskiego 13;R06;15 01 10*;0,05
8071;Ostrowiec ¯eromskiego 13;R06;16 02 14;0,10
8071;Ostrowiec ¯eromskiego 13;R06;16 03 06;0,55
8071;Ostrowiec ¯eromskiego 13;R06;17 01 07;105,12
8071;Ostrowiec ¯eromskiego 13;R06;17 09 04;2,00
8071;Ostrowiec ¯eromskiego 13;R06;15 01 06;1,00
8071;Ostrowiec ¯eromskiego 13;R06;15 01 03;56,04
8071;Ostrowiec ¯eromskiego 13;R06;15 01 01;19,04
8071;Ostrowiec ¯eromskiego 13;R06;15 01 02;6,46
8024;Opole Wiejska 141A;R05;17 04 05;2,05
8024;Opole Wiejska 141A;R05;20 02 01;1,00
8024;Opole Wiejska 141A;R05;07 02 13;13,98
8024;Opole Wiejska 141A;R05;16 03 05*;0,06
8024;Opole Wiejska 141A;R05;16 02 14;0,04
8024;Opole Wiejska 141A;R05;17 09 04;110,24
8024;Opole Wiejska 141A;R05;17 06 04;2,68
8024;Opole Wiejska 141A;R05;15 01 03;85,70
8024;Opole Wiejska 141A;R05;15 01 01;33,44
8024;Opole Wiejska 141A;R05;07 04 80*;0,01
8024;Opole Wiejska 141A;R05;15 01 02;13,73
8122;Nysa Krasiñskiego 31;R05;17 04 05;1,63
8122;Nysa Krasiñskiego 31;R05;15 01 10*;0,07
8122;Nysa Krasiñskiego 31;R05;16 02 14;0,34
8122;Nysa Krasiñskiego 31;R05;16 03 04;37,14
8122;Nysa Krasiñskiego 31;R05;17 01 07;50,74
8122;Nysa Krasiñskiego 31;R05;15 02 02*;0,01
8122;Nysa Krasiñskiego 31;R05;13 07 03*;0,01
8122;Nysa Krasiñskiego 31;R05;15 01 03;42,56
8122;Nysa Krasiñskiego 31;R05;16 02 13*;0,07
8122;Nysa Krasiñskiego 31;R05;15 01 01;27,84
8122;Nysa Krasiñskiego 31;R05;07 04 80*;0,02
8122;Nysa Krasiñskiego 31;R05;15 01 02;6,26
8073;Nowy Targ Szaflarska 176;R02;17 04 05;3,63
8073;Nowy Targ Szaflarska 176;R02;15 01 10*;0,52
8073;Nowy Targ Szaflarska 176;R02;17 02 01;23,42
8073;Nowy Targ Szaflarska 176;R02;16 02 14;0,22
8073;Nowy Targ Szaflarska 176;R02;17 01 07;71,50
8073;Nowy Targ Szaflarska 176;R02;17 09 04;1,81
8073;Nowy Targ Szaflarska 176;R02;03 01 05;0,36
8073;Nowy Targ Szaflarska 176;R02;15 01 03;66,52
8073;Nowy Targ Szaflarska 176;R02;16 02 13*;0,03
8073;Nowy Targ Szaflarska 176;R02;15 01 01;39,48
8073;Nowy Targ Szaflarska 176;R02;15 01 02;10,82
8015;Sosnowiec D³ugosza 82;R05;17 04 05;4,54
8015;Sosnowiec D³ugosza 82;R05;16 03 03*;1,26
8015;Sosnowiec D³ugosza 82;R05;16 02 14;0,70
8015;Sosnowiec D³ugosza 82;R05;17 09 04;141,26
8015;Sosnowiec D³ugosza 82;R05;03 01 05;0,24
8015;Sosnowiec D³ugosza 82;R05;08 01 11*;0,83
8015;Sosnowiec D³ugosza 82;R05;15 01 06;63,20
8015;Sosnowiec D³ugosza 82;R05;15 01 03;77,01
8015;Sosnowiec D³ugosza 82;R05;15 01 01;46,61
8015;Sosnowiec D³ugosza 82;R05;15 01 02;6,52
8076;Nowy S¹cz Wêgierska 78;R06;17 01 01;18,63
8076;Nowy S¹cz Wêgierska 78;R06;16 02 14;0,05
8076;Nowy S¹cz Wêgierska 78;R06;07 04 81;0,15
8076;Nowy S¹cz Wêgierska 78;R06;17 01 07;28,38
8076;Nowy S¹cz Wêgierska 78;R06;15 01 03;95,26
8076;Nowy S¹cz Wêgierska 78;R06;16 02 13*;0,09
8076;Nowy S¹cz Wêgierska 78;R06;15 01 01;22,14
8076;Nowy S¹cz Wêgierska 78;R06;15 01 02;8,20
8067;Stare Miasto Ogrodowa 31;R01;15 01 10*;0,27
8067;Stare Miasto Ogrodowa 31;R01;16 03 03*;0,58
8067;Stare Miasto Ogrodowa 31;R01;16 02 14;0,04
8067;Stare Miasto Ogrodowa 31;R01;17 01 07;37,90
8067;Stare Miasto Ogrodowa 31;R01;17 04 07;3,65
8067;Stare Miasto Ogrodowa 31;R01;15 02 02*;0,06
8067;Stare Miasto Ogrodowa 31;R01;07 04 81;0,07
8067;Stare Miasto Ogrodowa 31;R01;15 01 03;80,32
8067;Stare Miasto Ogrodowa 31;R01;15 01 01;26,48
8067;Stare Miasto Ogrodowa 31;R01;15 01 02;8,96
8115;Swarzêdz Sienkiewicza 23;R04;17 04 05;1,50
8115;Swarzêdz Sienkiewicza 23;R04;15 01 06;51,54
8115;Swarzêdz Sienkiewicza 23;R04;16 03 05*;0,73
8115;Swarzêdz Sienkiewicza 23;R04;16 02 14;0,23
8115;Swarzêdz Sienkiewicza 23;R04;17 01 07;34,78
8115;Swarzêdz Sienkiewicza 23;R04;15 01 03;25,92
8115;Swarzêdz Sienkiewicza 23;R04;16 02 13*;0,11
8115;Swarzêdz Sienkiewicza 23;R04;15 01 01;26,89
8115;Swarzêdz Sienkiewicza 23;R04;15 01 02;2,18
8056;Zgorzelec Jeleniogórska 77;R03;17 04 05;1,25
8056;Zgorzelec Jeleniogórska 77;R03;17 01 01;24,62
8056;Zgorzelec Jeleniogórska 77;R03;15 01 10*;0,32
8056;Zgorzelec Jeleniogórska 77;R03;02 01 03;1,36
8056;Zgorzelec Jeleniogórska 77;R03;17 02 01;13,74
8056;Zgorzelec Jeleniogórska 77;R03;16 03 05*;0,56
8056;Zgorzelec Jeleniogórska 77;R03;16 02 14;0,63
8056;Zgorzelec Jeleniogórska 77;R03;17 01 07;62,86
8056;Zgorzelec Jeleniogórska 77;R03;03 01 05;1,76
8056;Zgorzelec Jeleniogórska 77;R03;15 01 11*;0,01
8056;Zgorzelec Jeleniogórska 77;R03;15 01 06;21,42
8056;Zgorzelec Jeleniogórska 77;R03;15 01 03;12,18
8056;Zgorzelec Jeleniogórska 77;R03;15 01 01;36,46
8056;Zgorzelec Jeleniogórska 77;R03;15 01 02;9,93
8056;Zgorzelec Jeleniogórska 77;R03;15 02 03;0,14
8097;Zamoœæ Dzieci Zamojszczyzny 4;R06;17 04 05;6,63
8097;Zamoœæ Dzieci Zamojszczyzny 4;R06;17 01 01;51,25
8097;Zamoœæ Dzieci Zamojszczyzny 4;R06;16 06 04;0,01
8097;Zamoœæ Dzieci Zamojszczyzny 4;R06;16 03 03*;0,23
8097;Zamoœæ Dzieci Zamojszczyzny 4;R06;16 02 14;0,54
8097;Zamoœæ Dzieci Zamojszczyzny 4;R06;16 06 05;0,01
8097;Zamoœæ Dzieci Zamojszczyzny 4;R06;16 03 04;0,20
8097;Zamoœæ Dzieci Zamojszczyzny 4;R06;16 03 06;0,23
8097;Zamoœæ Dzieci Zamojszczyzny 4;R06;17 01 07;17,42
8097;Zamoœæ Dzieci Zamojszczyzny 4;R06;03 01 05;1,62
8097;Zamoœæ Dzieci Zamojszczyzny 4;R06;15 01 03;102,64
8097;Zamoœæ Dzieci Zamojszczyzny 4;R06;16 02 13*;0,07
8097;Zamoœæ Dzieci Zamojszczyzny 4;R06;15 01 01;18,36
8097;Zamoœæ Dzieci Zamojszczyzny 4;R06;15 01 02;7,20
8006;Wroc³aw Legnicka 58;R03;17 01 01;21,78
8006;Wroc³aw Legnicka 58;R03;16 02 14;0,35
8006;Wroc³aw Legnicka 58;R03;16 03 04;1,94
8006;Wroc³aw Legnicka 58;R03;17 09 04;24,01
8006;Wroc³aw Legnicka 58;R03;03 01 05;1,20
8006;Wroc³aw Legnicka 58;R03;08 01 11*;0,19
8006;Wroc³aw Legnicka 58;R03;17 04 07;3,19
8006;Wroc³aw Legnicka 58;R03;15 01 06;5,20
8006;Wroc³aw Legnicka 58;R03;15 01 03;24,95
8006;Wroc³aw Legnicka 58;R03;15 01 01;33,75
8006;Wroc³aw Legnicka 58;R03;15 01 02;6,40
8009;Wroc³aw Krzywoustego 126;R03;15 01 10*;0,01
8009;Wroc³aw Krzywoustego 126;R03;16 03 03*;0,12
8009;Wroc³aw Krzywoustego 126;R03;16 02 14;0,13
8009;Wroc³aw Krzywoustego 126;R03;17 09 04;31,14
8009;Wroc³aw Krzywoustego 126;R03;17 04 07;2,45
8009;Wroc³aw Krzywoustego 126;R03;15 01 06;34,50
8009;Wroc³aw Krzywoustego 126;R03;13 02 08*;0,08
8009;Wroc³aw Krzywoustego 126;R03;15 01 03;16,82
8009;Wroc³aw Krzywoustego 126;R03;15 01 01;35,74
8009;Wroc³aw Krzywoustego 126;R03;15 01 02;5,93
8094;Wroc³aw Graniczna 2a;R03;15 01 10*;0,02
8094;Wroc³aw Graniczna 2a;R03;16 03 05*;0,28
8094;Wroc³aw Graniczna 2a;R03;16 02 14;0,09
8094;Wroc³aw Graniczna 2a;R03;17 09 04;66,98
8094;Wroc³aw Graniczna 2a;R03;15 01 11*;0,04
8094;Wroc³aw Graniczna 2a;R03;17 04 07;1,46
8094;Wroc³aw Graniczna 2a;R03;13 02 08*;0,02
8094;Wroc³aw Graniczna 2a;R03;15 01 03;55,12
8094;Wroc³aw Graniczna 2a;R03;15 01 01;24,82
8094;Wroc³aw Graniczna 2a;R03;15 01 02;9,12
8094;Wroc³aw Graniczna 2a;R03;15 02 03;0,04
8036;W³oc³awek. Kapitulna 41a;R01;17 04 05;2,84
8036;W³oc³awek. Kapitulna 41a;R01;15 01 10*;1,50
8036;W³oc³awek. Kapitulna 41a;R01;16 02 14;0,10
8036;W³oc³awek. Kapitulna 41a;R01;17 01 07;8,38
8036;W³oc³awek. Kapitulna 41a;R01;17 09 04;39,04
8036;W³oc³awek. Kapitulna 41a;R01;03 01 05;24,68
8036;W³oc³awek. Kapitulna 41a;R01;15 01 06;14,92
8036;W³oc³awek. Kapitulna 41a;R01;15 01 03;4,26
8036;W³oc³awek. Kapitulna 41a;R01;15 01 01;19,48
8036;W³oc³awek. Kapitulna 41a;R01;15 01 02;5,76
8036;W³oc³awek. Kapitulna 41a;R01;15 02 03;0,08
8002;Warszawa Popularna 71;R08;17 04 05;6,60
8002;Warszawa Popularna 71;R08;15 01 10*;0,52
8002;Warszawa Popularna 71;R08;16 02 14;0,17
8002;Warszawa Popularna 71;R08;17 09 04;142,62
8002;Warszawa Popularna 71;R08;15 01 07;0,69
8002;Warszawa Popularna 71;R08;15 01 05;14,48
8002;Warszawa Popularna 71;R08;15 01 06;72,64
8002;Warszawa Popularna 71;R08;15 01 03;8,56
8002;Warszawa Popularna 71;R08;15 01 01;66,53
8002;Warszawa Popularna 71;R08;15 01 02;9,00
8002;Warszawa Popularna 71;R08;15 02 03;0,15
8034;Warszawa Krakowska 75;R08;17 04 05;6,82
8034;Warszawa Krakowska 75;R08;17 02 03;0,21
8034;Warszawa Krakowska 75;R08;17 02 01;70,95
8034;Warszawa Krakowska 75;R08;16 03 05*;0,09
8034;Warszawa Krakowska 75;R08;16 02 14;0,23
8034;Warszawa Krakowska 75;R08;16 03 04;0,07
8034;Warszawa Krakowska 75;R08;17 01 07;139,09
8034;Warszawa Krakowska 75;R08;17 09 04;2,15
8034;Warszawa Krakowska 75;R08;15 01 06;13,77
8034;Warszawa Krakowska 75;R08;15 01 01;40,18
8034;Warszawa Krakowska 75;R08;15 01 02;5,58
8061;Warszawa Grochowska 21;R08;17 02 01;38,43
8061;Warszawa Grochowska 21;R08;16 02 14;0,12
8061;Warszawa Grochowska 21;R08;17 01 07;74,54
8061;Warszawa Grochowska 21;R08;17 09 04;22,52
8061;Warszawa Grochowska 21;R08;15 01 11*;0,22
8061;Warszawa Grochowska 21;R08;17 04 07;2,70
8061;Warszawa Grochowska 21;R08;15 01 03;4,22
8061;Warszawa Grochowska 21;R08;15 01 01;26,86
8061;Warszawa Grochowska 21;R08;15 01 02;0,70
8061;Warszawa Grochowska 21;R08;15 02 03;0,32
8106;Warszawa Górczewska 124;R08;17 02 03;0,98
8106;Warszawa Górczewska 124;R08;15 01 10*;0,62
8106;Warszawa Górczewska 124;R08;17 02 01;1,80
8106;Warszawa Górczewska 124;R08;16 02 14;0,31
8106;Warszawa Górczewska 124;R08;17 09 04;89,84
8106;Warszawa Górczewska 124;R08;03 01 05;1,20
8106;Warszawa Górczewska 124;R08;15 01 03;2,79
8106;Warszawa Górczewska 124;R08;15 01 01;36,78
8106;Warszawa Górczewska 124;R08;15 01 02;7,32
8106;Warszawa Górczewska 124;R08;15 02 03;0,08
8005;Warszawa G³êbocka 15A;R08;15 01 10*;1,38
8005;Warszawa G³êbocka 15A;R08;16 02 14;1,28
8005;Warszawa G³êbocka 15A;R08;17 01 07;128,83
8005;Warszawa G³êbocka 15A;R08;17 09 04;29,36
8005;Warszawa G³êbocka 15A;R08;15 01 05;0,60
8005;Warszawa G³êbocka 15A;R08;15 01 06;82,70
8005;Warszawa G³êbocka 15A;R08;13 02 08*;0,06
8005;Warszawa G³êbocka 15A;R08;15 01 03;44,32
8005;Warszawa G³êbocka 15A;R08;15 01 04;6,40
8005;Warszawa G³êbocka 15A;R08;15 01 01;65,84
8005;Warszawa G³êbocka 15A;R08;15 01 02;11,12
8005;Warszawa G³êbocka 15A;R08;15 02 03;0,24
8045;Walbrzych Wieniawskiego 21;R03;15 01 10*;0,46
8045;Walbrzych Wieniawskiego 21;R03;16 02 14;0,52
8045;Walbrzych Wieniawskiego 21;R03;16 02 16;0,05
8045;Walbrzych Wieniawskiego 21;R03;16 03 06;2,20
8045;Walbrzych Wieniawskiego 21;R03;17 01 07;40,24
8045;Walbrzych Wieniawskiego 21;R03;17 09 04;64,84
8045;Walbrzych Wieniawskiego 21;R03;13 02 08*;0,08
8045;Walbrzych Wieniawskiego 21;R03;07 04 81;0,08
8045;Walbrzych Wieniawskiego 21;R03;15 01 03;35,54
8045;Walbrzych Wieniawskiego 21;R03;16 02 13*;0,14
8045;Walbrzych Wieniawskiego 21;R03;15 01 01;34,62
8045;Walbrzych Wieniawskiego 21;R03;15 01 02;8,10
8021;Toruñ ¯wirki i Wigury 88;R07;16 03 05*;0,46
8021;Toruñ ¯wirki i Wigury 88;R07;15 01 03;10,90
8021;Toruñ ¯wirki i Wigury 88;R07;20 01 36;0,08
8021;Toruñ ¯wirki i Wigury 88;R07;15 01 01;12,32
8021;Toruñ ¯wirki i Wigury 88;R07;15 01 02;3,44
8111;Toruñ Szosa Bydgoska 102A;R07;17 04 05;4,63
8111;Toruñ Szosa Bydgoska 102A;R07;16 03 05*;1,46
8111;Toruñ Szosa Bydgoska 102A;R07;16 02 14;0,07
8111;Toruñ Szosa Bydgoska 102A;R07;16 03 04;0,41
8111;Toruñ Szosa Bydgoska 102A;R07;17 09 04;80,25
8111;Toruñ Szosa Bydgoska 102A;R07;15 01 03;31,52
8111;Toruñ Szosa Bydgoska 102A;R07;15 01 01;22,10
8111;Toruñ Szosa Bydgoska 102A;R07;15 01 02;5,88
8064;Tarnowskie Góry Obwodnica 16;R05;17 04 05;4,62
8064;Tarnowskie Góry Obwodnica 16;R05;17 01 01;72,50
8064;Tarnowskie Góry Obwodnica 16;R05;15 01 10*;0,02
8064;Tarnowskie Góry Obwodnica 16;R05;16 02 14;1,11
8064;Tarnowskie Góry Obwodnica 16;R05;16 02 16;0,07
8064;Tarnowskie Góry Obwodnica 16;R05;03 01 05;2,89
8064;Tarnowskie Góry Obwodnica 16;R05;15 01 03;80,64
8064;Tarnowskie Góry Obwodnica 16;R05;16 02 13*;0,10
8064;Tarnowskie Góry Obwodnica 16;R05;15 01 01;39,94
8064;Tarnowskie Góry Obwodnica 16;R05;07 04 80*;0,03
8064;Tarnowskie Góry Obwodnica 16;R05;15 01 02;10,92
8077;Tarnów Nowod¹browska 127;R06;17 04 05;1,08
8077;Tarnów Nowod¹browska 127;R06;16 02 14;0,02
8077;Tarnów Nowod¹browska 127;R06;17 09 04;41,78
8077;Tarnów Nowod¹browska 127;R06;03 01 05;30,30
8077;Tarnów Nowod¹browska 127;R06;15 01 01;17,92
8077;Tarnów Nowod¹browska 127;R06;15 01 02;3,88
8059;Szczecin Wiosenna 80;R04;15 01 06;3,20
8059;Szczecin Wiosenna 80;R04;16 02 14;0,05
8059;Szczecin Wiosenna 80;R04;16 03 04;86,88
8059;Szczecin Wiosenna 80;R04;15 01 03;156,80
8059;Szczecin Wiosenna 80;R04;15 01 01;27,57
8059;Szczecin Wiosenna 80;R04;15 01 02;5,93
8046;Szczecin Po³udniowa 21;R04;17 04 05;1,00
8046;Szczecin Po³udniowa 21;R04;15 01 06;17,50
8046;Szczecin Po³udniowa 21;R04;17 01 07;60,81
8046;Szczecin Po³udniowa 21;R04;15 01 03;82,50
8046;Szczecin Po³udniowa 21;R04;15 01 01;26,93
8046;Szczecin Po³udniowa 21;R04;15 01 02;6,95
8014;Szczecin Ku S³oñcu 67B;R04;16 03 04;132,28
8014;Szczecin Ku S³oñcu 67B;R04;03 01 05;6,00
8014;Szczecin Ku S³oñcu 67B;R04;15 01 03;317,20
8014;Szczecin Ku S³oñcu 67B;R04;20 01 35*;0,56
8014;Szczecin Ku S³oñcu 67B;R04;15 01 01;39,23
8014;Szczecin Ku S³oñcu 67B;R04;15 01 02;8,88
8039;Zielona Góra Wojska Polskiego 19;R04;17 04 05;61,93
8039;Zielona Góra Wojska Polskiego 19;R04;02 01 03;1,34
8039;Zielona Góra Wojska Polskiego 19;R04;17 04 02;0,69
8039;Zielona Góra Wojska Polskiego 19;R04;17 09 04;81,28
8039;Zielona Góra Wojska Polskiego 19;R04;03 01 05;1,74
8039;Zielona Góra Wojska Polskiego 19;R04;15 01 06;37,65
8039;Zielona Góra Wojska Polskiego 19;R04;15 01 03;26,71
8039;Zielona Góra Wojska Polskiego 19;R04;16 02 13*;0,12
8039;Zielona Góra Wojska Polskiego 19;R04;15 01 01;39,18
8039;Zielona Góra Wojska Polskiego 19;R04;07 04 80*;0,36
8039;Zielona Góra Wojska Polskiego 19;R04;15 01 02;15,48
8039;Zielona Góra Wojska Polskiego 19;R04;15 02 03;0,10
8099;Miñsk Mazowiecki Warszawska 63B;R08;17 01 01;40,83
8099;Miñsk Mazowiecki Warszawska 63B;R08;16 03 05*;0,66
8099;Miñsk Mazowiecki Warszawska 63B;R08;16 02 14;0,05
8099;Miñsk Mazowiecki Warszawska 63B;R08;03 01 05;59,03
8099;Miñsk Mazowiecki Warszawska 63B;R08;08 01 11*;0,26
8099;Miñsk Mazowiecki Warszawska 63B;R08;17 04 07;1,68
8099;Miñsk Mazowiecki Warszawska 63B;R08;15 01 03;12,64
8099;Miñsk Mazowiecki Warszawska 63B;R08;15 01 01;32,19
8099;Miñsk Mazowiecki Warszawska 63B;R08;07 04 80*;0,10
8099;Miñsk Mazowiecki Warszawska 63B;R08;15 01 02;11,31
8099;Miñsk Mazowiecki Warszawska 63B;R08;15 02 03;0,30
0;Magazyn Centralny DC2 Kie³mina;;16 02 14;2,14
0;Magazyn Centralny DC2 Kie³mina;;16 03 04;16,85
0;Magazyn Centralny DC2 Kie³mina;;17 01 07;1,15
0;Magazyn Centralny DC2 Kie³mina;;15 01 03;30,52
8030;Gliwice Pszczyñska 315;R05;17 01 01;29,86
8030;Gliwice Pszczyñska 315;R05;15 01 10*;0,47
8030;Gliwice Pszczyñska 315;R05;16 02 14;0,74
8030;Gliwice Pszczyñska 315;R05;03 01 05;0,94
8030;Gliwice Pszczyñska 315;R05;08 01 11*;0,50
8030;Gliwice Pszczyñska 315;R05;17 04 07;1,65
8030;Gliwice Pszczyñska 315;R05;15 02 02*;0,04
8030;Gliwice Pszczyñska 315;R05;15 01 03;55,64
8030;Gliwice Pszczyñska 315;R05;16 02 13*;0,05
8030;Gliwice Pszczyñska 315;R05;15 01 01;24,23
8030;Gliwice Pszczyñska 315;R05;07 04 80*;0,10
8030;Gliwice Pszczyñska 315;R05;15 01 02;6,39
8030;Gliwice Pszczyñska 315;R05;15 02 03;0,12
8008;Gdañsk Odyseusza 2;R07;17 04 05;5,54
8008;Gdañsk Odyseusza 2;R07;16 03 05*;2,32
8008;Gdañsk Odyseusza 2;R07;16 02 14;0,05
8008;Gdañsk Odyseusza 2;R07;17 01 07;31,98
8008;Gdañsk Odyseusza 2;R07;17 09 04;165,06
8008;Gdañsk Odyseusza 2;R07;03 01 05;2,00
8008;Gdañsk Odyseusza 2;R07;15 01 03;56,54
8008;Gdañsk Odyseusza 2;R07;15 01 01;54,87
8008;Gdañsk Odyseusza 2;R07;15 01 02;13,21
8047;Gdañsk Grunwaldzka 262;R07;17 04 05;8,92
8047;Gdañsk Grunwaldzka 262;R07;15 02 02*;0,06
8047;Gdañsk Grunwaldzka 262;R07;16 03 05*;0,33
8047;Gdañsk Grunwaldzka 262;R07;16 02 14;0,03
8047;Gdañsk Grunwaldzka 262;R07;17 09 04;167,56
8047;Gdañsk Grunwaldzka 262;R07;15 01 01;31,72
8047;Gdañsk Grunwaldzka 262;R07;07 04 80*;0,01
8047;Gdañsk Grunwaldzka 262;R07;15 01 02;9,00
8089;E³k Ciep³a 2;R08;17 04 05;2,14
8089;E³k Ciep³a 2;R08;08 03 18;0,04
8089;E³k Ciep³a 2;R08;16 06 04;0,17
8089;E³k Ciep³a 2;R08;15 01 10*;0,17
8089;E³k Ciep³a 2;R08;16 02 14;0,56
8089;E³k Ciep³a 2;R08;17 09 04;88,24
8089;E³k Ciep³a 2;R08;17 04 07;4,80
8089;E³k Ciep³a 2;R08;15 01 03;67,00
8089;E³k Ciep³a 2;R08;16 02 13*;0,12
8089;E³k Ciep³a 2;R08;15 01 01;24,86
8089;E³k Ciep³a 2;R08;15 01 02;7,88
8086;Elbl¹g ¯u³awska 25;R08;17 04 05;3,00
8086;Elbl¹g ¯u³awska 25;R08;16 03 05*;0,88
8086;Elbl¹g ¯u³awska 25;R08;16 02 14;0,09
8086;Elbl¹g ¯u³awska 25;R08;16 02 16;0,06
8086;Elbl¹g ¯u³awska 25;R08;17 09 04;97,74
8086;Elbl¹g ¯u³awska 25;R08;15 01 03;74,44
8086;Elbl¹g ¯u³awska 25;R08;15 01 01;34,78
8086;Elbl¹g ¯u³awska 25;R08;07 04 80*;0,10
8086;Elbl¹g ¯u³awska 25;R08;15 01 02;12,82
8025;Czêstochowa Jana Paw³a II 2;R01;17 01 01;43,00
8025;Czêstochowa Jana Paw³a II 2;R01;17 02 01;12,74
8025;Czêstochowa Jana Paw³a II 2;R01;16 02 14;1,98
8025;Czêstochowa Jana Paw³a II 2;R01;16 03 06;0,48
8025;Czêstochowa Jana Paw³a II 2;R01;17 01 07;112,26
8025;Czêstochowa Jana Paw³a II 2;R01;07 04 81;0,14
8025;Czêstochowa Jana Paw³a II 2;R01;15 01 03;94,70
8025;Czêstochowa Jana Paw³a II 2;R01;15 01 04;5,89
8025;Czêstochowa Jana Paw³a II 2;R01;15 01 01;42,80
8025;Czêstochowa Jana Paw³a II 2;R01;15 01 02;17,31
8054;Cieszyn Graniczna 80;R02;17 01 01;76,12
8054;Cieszyn Graniczna 80;R02;16 02 14;0,02
8054;Cieszyn Graniczna 80;R02;17 01 07;42,78
8054;Cieszyn Graniczna 80;R02;08 01 11*;0,25
8054;Cieszyn Graniczna 80;R02;15 01 11*;0,00
8054;Cieszyn Graniczna 80;R02;17 04 07;3,50
8054;Cieszyn Graniczna 80;R02;08 04 09*;0,04
8054;Cieszyn Graniczna 80;R02;15 01 06;149,26
8054;Cieszyn Graniczna 80;R02;15 01 03;8,09
8054;Cieszyn Graniczna 80;R02;15 01 01;39,38
8054;Cieszyn Graniczna 80;R02;15 01 02;12,03
8043;Chorzów Sportowa 31;R05;17 04 05;2,46
8043;Chorzów Sportowa 31;R05;16 03 03*;0,62
8043;Chorzów Sportowa 31;R05;16 02 14;0,02
8043;Chorzów Sportowa 31;R05;17 01 07;56,92
8043;Chorzów Sportowa 31;R05;17 06 04;2,20
8043;Chorzów Sportowa 31;R05;15 01 06;50,26
8043;Chorzów Sportowa 31;R05;15 01 03;68,02
8043;Chorzów Sportowa 31;R05;16 02 13*;0,02
8043;Chorzów Sportowa 31;R05;15 01 01;25,82
8043;Chorzów Sportowa 31;R05;15 01 02;7,16
8108;Che³m Rejowiecka 179A;R06;17 04 05;0,97
8108;Che³m Rejowiecka 179A;R06;17 02 03;7,50
8108;Che³m Rejowiecka 179A;R06;20 02 01;0,76
8108;Che³m Rejowiecka 179A;R06;20 03 01;1,88
8108;Che³m Rejowiecka 179A;R06;17 02 02;0,80
8108;Che³m Rejowiecka 179A;R06;17 02 01;20,56
8108;Che³m Rejowiecka 179A;R06;16 03 03*;0,32
8108;Che³m Rejowiecka 179A;R06;16 03 05*;0,37
8108;Che³m Rejowiecka 179A;R06;16 02 14;0,03
8108;Che³m Rejowiecka 179A;R06;16 03 06;0,24
8108;Che³m Rejowiecka 179A;R06;17 01 07;39,96
8108;Che³m Rejowiecka 179A;R06;17 06 04;1,16
8108;Che³m Rejowiecka 179A;R06;13 02 08*;0,13
8108;Che³m Rejowiecka 179A;R06;15 01 03;49,74
8108;Che³m Rejowiecka 179A;R06;15 01 01;27,54
8108;Che³m Rejowiecka 179A;R06;15 01 02;7,86
8101;Castorama Siedlce £ukowska 113;R08;17 04 05;2,20
8101;Castorama Siedlce £ukowska 113;R08;16 02 14;0,04
8101;Castorama Siedlce £ukowska 113;R08;17 09 04;48,86
8101;Castorama Siedlce £ukowska 113;R08;03 01 05;31,86
8101;Castorama Siedlce £ukowska 113;R08;08 01 11*;1,60
8101;Castorama Siedlce £ukowska 113;R08;15 02 02*;0,29
8101;Castorama Siedlce £ukowska 113;R08;15 01 06;29,38
8101;Castorama Siedlce £ukowska 113;R08;15 01 03;21,80
8101;Castorama Siedlce £ukowska 113;R08;15 01 01;30,59
8101;Castorama Siedlce £ukowska 113;R08;07 04 80*;0,16
8101;Castorama Siedlce £ukowska 113;R08;15 01 02;9,21
8135;Castorama Ruda Œl¹ska;R05;17 04 05;1,80
8135;Castorama Ruda Œl¹ska;R05;15 01 10*;0,06
8135;Castorama Ruda Œl¹ska;R05;16 02 14;0,04
8135;Castorama Ruda Œl¹ska;R05;17 01 07;55,76
8135;Castorama Ruda Œl¹ska;R05;08 01 11*;1,02
8135;Castorama Ruda Œl¹ska;R05;15 01 11*;0,09
8135;Castorama Ruda Œl¹ska;R05;08 04 10;0,08
8135;Castorama Ruda Œl¹ska;R05;15 01 05;36,76
8135;Castorama Ruda Œl¹ska;R05;15 01 06;28,14
8135;Castorama Ruda Œl¹ska;R05;13 07 03*;0,10
8135;Castorama Ruda Œl¹ska;R05;07 04 81;0,29
8135;Castorama Ruda Œl¹ska;R05;15 01 03;25,72
8135;Castorama Ruda Œl¹ska;R05;15 01 01;26,67
8135;Castorama Ruda Œl¹ska;R05;15 01 02;9,75
8130;Castorama Ciechanów;R08;16 03 03*;0,25
8130;Castorama Ciechanów;R08;16 03 05*;0,24
8130;Castorama Ciechanów;R08;16 02 14;0,18
8130;Castorama Ciechanów;R08;17 09 04;69,55
8130;Castorama Ciechanów;R08;15 01 01;19,24
8130;Castorama Ciechanów;R08;15 01 02;4,64
8092;Bytom Jeziorañskiego 27;R05;17 04 05;4,06
8092;Bytom Jeziorañskiego 27;R05;17 01 01;60,72
8092;Bytom Jeziorañskiego 27;R05;08 01 12;0,73
8092;Bytom Jeziorañskiego 27;R05;16 02 16;0,06
8092;Bytom Jeziorañskiego 27;R05;17 09 04;10,00
8092;Bytom Jeziorañskiego 27;R05;15 01 03;58,60
8092;Bytom Jeziorañskiego 27;R05;15 01 01;24,32
8092;Bytom Jeziorañskiego 27;R05;15 01 02;7,06
8013;Bydgoszcz Szubiñska 5;R07;16 03 05*;1,78
8013;Bydgoszcz Szubiñska 5;R07;16 02 14;1,63
8013;Bydgoszcz Szubiñska 5;R07;16 03 06;0,48
8013;Bydgoszcz Szubiñska 5;R07;17 01 07;83,58
8013;Bydgoszcz Szubiñska 5;R07;03 01 05;27,08
8013;Bydgoszcz Szubiñska 5;R07;17 04 07;3,77
8013;Bydgoszcz Szubiñska 5;R07;15 01 03;38,84
8013;Bydgoszcz Szubiñska 5;R07;15 01 01;46,74
8013;Bydgoszcz Szubiñska 5;R07;15 01 02;13,53
8013;Bydgoszcz Szubiñska 5;R07;15 02 03;0,20
8078;Bydgoszcz Szajnochy 1;R07;17 04 05;0,90
8078;Bydgoszcz Szajnochy 1;R07;16 03 05*;4,22
8078;Bydgoszcz Szajnochy 1;R07;16 02 14;0,26
8078;Bydgoszcz Szajnochy 1;R07;17 09 04;55,24
8078;Bydgoszcz Szajnochy 1;R07;03 01 05;2,40
8078;Bydgoszcz Szajnochy 1;R07;07 04 81;0,20
8078;Bydgoszcz Szajnochy 1;R07;15 01 03;27,20
8078;Bydgoszcz Szajnochy 1;R07;15 01 01;24,74
8078;Bydgoszcz Szajnochy 1;R07;15 01 02;7,22
8078;Bydgoszcz Szajnochy 1;R07;15 02 03;0,42
8018;Bielsko-Bia³a Warszawska 186;R02;17 04 05;7,34
8018;Bielsko-Bia³a Warszawska 186;R02;15 01 10*;1,76
8018;Bielsko-Bia³a Warszawska 186;R02;16 02 14;0,71
8018;Bielsko-Bia³a Warszawska 186;R02;16 03 04;32,44
8018;Bielsko-Bia³a Warszawska 186;R02;17 01 07;42,08
8018;Bielsko-Bia³a Warszawska 186;R02;15 01 06;111,38
8018;Bielsko-Bia³a Warszawska 186;R02;15 01 03;20,82
8018;Bielsko-Bia³a Warszawska 186;R02;16 02 13*;0,05
8018;Bielsko-Bia³a Warszawska 186;R02;15 01 01;44,18
8018;Bielsko-Bia³a Warszawska 186;R02;15 01 02;15,17
8012;Bielany Czekoladowa 3;R03;17 04 05;3,81
8012;Bielany Czekoladowa 3;R03;17 01 01;40,48
8012;Bielany Czekoladowa 3;R03;16 03 03*;0,09
8012;Bielany Czekoladowa 3;R03;16 03 05*;0,04
8012;Bielany Czekoladowa 3;R03;16 02 14;0,28
8012;Bielany Czekoladowa 3;R03;16 03 04;0,38
8012;Bielany Czekoladowa 3;R03;17 09 04;133,54
8012;Bielany Czekoladowa 3;R03;03 01 05;0,08
8012;Bielany Czekoladowa 3;R03;08 04 09*;0,06
8012;Bielany Czekoladowa 3;R03;15 01 06;9,74
8012;Bielany Czekoladowa 3;R03;15 01 03;51,82
8012;Bielany Czekoladowa 3;R03;15 01 01;45,50
8012;Bielany Czekoladowa 3;R03;15 01 02;8,93
8012;Bielany Czekoladowa 3;R03;15 02 03;0,06
8049;G³ogów Poniatowskiego 10;R03;17 04 05;4,45
8049;G³ogów Poniatowskiego 10;R03;15 01 10*;0,02
8049;G³ogów Poniatowskiego 10;R03;16 03 03*;0,17
8049;G³ogów Poniatowskiego 10;R03;16 02 14;0,89
8049;G³ogów Poniatowskiego 10;R03;16 06 05;0,01
8049;G³ogów Poniatowskiego 10;R03;16 02 16;0,05
8049;G³ogów Poniatowskiego 10;R03;16 03 06;3,86
8049;G³ogów Poniatowskiego 10;R03;17 01 07;63,44
8049;G³ogów Poniatowskiego 10;R03;03 01 05;11,70
8049;G³ogów Poniatowskiego 10;R03;15 02 02*;0,01
8049;G³ogów Poniatowskiego 10;R03;15 01 06;6,72
8049;G³ogów Poniatowskiego 10;R03;13 02 08*;0,05
8049;G³ogów Poniatowskiego 10;R03;15 01 03;19,20
8049;G³ogów Poniatowskiego 10;R03;15 01 01;21,38
8049;G³ogów Poniatowskiego 10;R03;15 01 02;8,11
0;Magazyn Dzia³kowa Castorama;;15 01 06;2,60
0;Magazyn Dzia³kowa Castorama;;17 09 04;8,94
8096;Gniezno Pa³ucka 1;R04;17 04 05;0,17
8096;Gniezno Pa³ucka 1;R04;15 01 06;2,72
8096;Gniezno Pa³ucka 1;R04;16 02 14;0,07
8096;Gniezno Pa³ucka 1;R04;17 01 07;47,04
8096;Gniezno Pa³ucka 1;R04;15 01 01;25,00
8096;Gniezno Pa³ucka 1;R04;15 01 02;2,48
8129;Grudzi¹dz Konarskiego 47;R07;17 04 05;0,45
8129;Grudzi¹dz Konarskiego 47;R07;06 13 01*;0,11
8129;Grudzi¹dz Konarskiego 47;R07;08 01 12;0,01
8129;Grudzi¹dz Konarskiego 47;R07;16 02 14;0,05
8129;Grudzi¹dz Konarskiego 47;R07;17 01 07;43,00
8129;Grudzi¹dz Konarskiego 47;R07;17 09 04;57,59
8129;Grudzi¹dz Konarskiego 47;R07;15 01 03;35,16
8129;Grudzi¹dz Konarskiego 47;R07;15 01 01;28,18
8129;Grudzi¹dz Konarskiego 47;R07;15 01 02;7,04
0;Magazyn Centralny DC1 Dobra;;16 02 14;1,69
0;Magazyn Centralny DC1 Dobra;;16 03 04;1,75
0;Magazyn Centralny DC1 Dobra;;17 01 07;0,09
8017;Lublin Me³giewska 16C;;17 04 05;8,59
8017;Lublin Me³giewska 16C;;16 06 04;0,59
8017;Lublin Me³giewska 16C;;16 03 03*;1,29
8017;Lublin Me³giewska 16C;;16 02 14;1,29
8017;Lublin Me³giewska 16C;;17 01 07;86,22
8017;Lublin Me³giewska 16C;;03 01 05;2,22
8017;Lublin Me³giewska 16C;;15 01 03;80,04
8017;Lublin Me³giewska 16C;;20 01 36;0,10
8017;Lublin Me³giewska 16C;;16 02 13*;0,18
8017;Lublin Me³giewska 16C;;15 01 01;27,78
8017;Lublin Me³giewska 16C;;15 01 02;11,34
8048;Lubin KEN 1;R03;17 04 05;8,01
8048;Lubin KEN 1;R03;15 01 10*;0,01
8048;Lubin KEN 1;R03;16 03 05*;0,20
8048;Lubin KEN 1;R03;16 02 14;1,43
8048;Lubin KEN 1;R03;16 03 06;1,46
8048;Lubin KEN 1;R03;17 01 07;82,76
8048;Lubin KEN 1;R03;03 01 05;35,96
8048;Lubin KEN 1;R03;13 07 03*;0,01
8048;Lubin KEN 1;R03;17 01 82;5,96
8048;Lubin KEN 1;R03;15 01 03;16,86
8048;Lubin KEN 1;R03;15 01 01;29,04
8048;Lubin KEN 1;R03;15 01 02;8,64
8048;Lubin KEN 1;R03;15 02 03;0,09
8063;£ódŸ Wydawnicza 13;R01;15 01 10*;0,12
8063;£ódŸ Wydawnicza 13;R01;16 03 03*;0,02
8063;£ódŸ Wydawnicza 13;R01;16 03 05*;0,10
8063;£ódŸ Wydawnicza 13;R01;17 01 07;54,00
8063;£ódŸ Wydawnicza 13;R01;03 01 05;20,14
8063;£ódŸ Wydawnicza 13;R01;15 01 11*;0,02
8063;£ódŸ Wydawnicza 13;R01;15 01 06;38,72
8063;£ódŸ Wydawnicza 13;R01;15 01 03;21,86
8063;£ódŸ Wydawnicza 13;R01;15 01 01;25,66
8063;£ódŸ Wydawnicza 13;R01;07 04 80*;0,07
8063;£ódŸ Wydawnicza 13;R01;15 01 02;7,60
8020;£ódŸ Wróblewskiego 31;R01;17 04 05;2,54
8020;£ódŸ Wróblewskiego 31;R01;15 01 06;48,35
8020;£ódŸ Wróblewskiego 31;R01;16 03 03*;0,72
8020;£ódŸ Wróblewskiego 31;R01;08 01 12;0,05
8020;£ódŸ Wróblewskiego 31;R01;17 01 07;66,85
8020;£ódŸ Wróblewskiego 31;R01;03 01 05;80,00
8020;£ódŸ Wróblewskiego 31;R01;15 01 03;50,82
8020;£ódŸ Wróblewskiego 31;R01;15 01 01;50,02
8020;£ódŸ Wróblewskiego 31;R01;15 01 02;13,41
8023;£ódŸ Sikorskiego 2;R01;17 04 05;7,13
8023;£ódŸ Sikorskiego 2;R01;15 01 06;46,13
8023;£ódŸ Sikorskiego 2;R01;17 01 07;48,00
8023;£ódŸ Sikorskiego 2;R01;03 01 05;84,06
8023;£ódŸ Sikorskiego 2;R01;15 01 01;38,92
8023;£ódŸ Sikorskiego 2;R01;15 01 02;13,42
8095;Leszno Konstytucji 3 Maja 12;R03;17 04 05;1,99
8095;Leszno Konstytucji 3 Maja 12;R03;15 01 06;9,69
8095;Leszno Konstytucji 3 Maja 12;R03;16 02 14;0,27
8095;Leszno Konstytucji 3 Maja 12;R03;17 01 07;88,59
8095;Leszno Konstytucji 3 Maja 12;R03;15 01 03;33,05
8095;Leszno Konstytucji 3 Maja 12;R03;16 02 13*;0,12
8095;Leszno Konstytucji 3 Maja 12;R03;15 01 01;22,01
8095;Leszno Konstytucji 3 Maja 12;R03;15 01 02;8,98
8041;Legnica Schumana 9;R03;17 04 05;4,70
8041;Legnica Schumana 9;R03;17 01 01;4,28
8041;Legnica Schumana 9;R03;15 01 10*;0,01
8041;Legnica Schumana 9;R03;02 01 03;2,58
8041;Legnica Schumana 9;R03;17 02 01;7,72
8041;Legnica Schumana 9;R03;16 03 03*;0,04
8041;Legnica Schumana 9;R03;16 02 14;1,29
8041;Legnica Schumana 9;R03;16 02 16;0,03
8041;Legnica Schumana 9;R03;17 01 07;79,26
8041;Legnica Schumana 9;R03;03 01 05;3,38
8041;Legnica Schumana 9;R03;08 01 11*;0,04
8041;Legnica Schumana 9;R03;15 02 02*;0,04
8041;Legnica Schumana 9;R03;15 01 06;11,59
8041;Legnica Schumana 9;R03;15 01 03;12,47
8041;Legnica Schumana 9;R03;15 01 01;32,38
8041;Legnica Schumana 9;R03;15 01 02;7,35
8011;Kraków Zakopiañska 62A;R02;17 04 05;5,24
8011;Kraków Zakopiañska 62A;R02;15 01 10*;0,90
8011;Kraków Zakopiañska 62A;R02;15 01 06;67,92
8011;Kraków Zakopiañska 62A;R02;16 02 14;0,07
8011;Kraków Zakopiañska 62A;R02;17 01 07;96,72
8011;Kraków Zakopiañska 62A;R02;03 01 05;2,06
8011;Kraków Zakopiañska 62A;R02;15 01 03;85,90
8011;Kraków Zakopiañska 62A;R02;15 01 01;35,56
8011;Kraków Zakopiañska 62A;R02;15 01 02;9,80
8042;Kraków Walerego S³awka 1;R02;17 04 05;3,43
8042;Kraków Walerego S³awka 1;R02;08 03 18;0,10
8042;Kraków Walerego S³awka 1;R02;15 01 10*;1,31
8042;Kraków Walerego S³awka 1;R02;15 01 06;12,12
8042;Kraków Walerego S³awka 1;R02;17 01 07;84,28
8042;Kraków Walerego S³awka 1;R02;03 01 05;1,46
8042;Kraków Walerego S³awka 1;R02;15 01 03;42,14
8042;Kraków Walerego S³awka 1;R02;15 01 01;20,98
8042;Kraków Walerego S³awka 1;R02;15 01 02;6,10
8019;Kraków Sosnowiecka 147;R02;17 04 05;6,93
8019;Kraków Sosnowiecka 147;R02;15 01 10*;0,47
8019;Kraków Sosnowiecka 147;R02;16 02 14;0,07
8019;Kraków Sosnowiecka 147;R02;17 01 07;86,38
8019;Kraków Sosnowiecka 147;R02;03 01 05;1,50
8019;Kraków Sosnowiecka 147;R02;15 01 06;17,00
8019;Kraków Sosnowiecka 147;R02;15 01 03;70,38
8019;Kraków Sosnowiecka 147;R02;15 01 01;34,98
8019;Kraków Sosnowiecka 147;R02;15 01 02;10,23
8019;Kraków Sosnowiecka 147;R02;15 02 03;0,10
8051;Kraków Pilotów 6;R02;17 04 05;4,68
8051;Kraków Pilotów 6;R02;15 01 10*;2,87
8051;Kraków Pilotów 6;R02;20 02 01;0,32
8051;Kraków Pilotów 6;R02;16 02 14;0,15
8051;Kraków Pilotów 6;R02;17 01 07;94,06
8051;Kraków Pilotów 6;R02;03 01 05;2,04
8051;Kraków Pilotów 6;R02;15 01 06;31,42
8051;Kraków Pilotów 6;R02;15 01 03;45,04
8051;Kraków Pilotów 6;R02;16 02 13*;0,11
8051;Kraków Pilotów 6;R02;15 01 01;33,08
8051;Kraków Pilotów 6;R02;15 01 02;9,76
8028;Koszalin Paderewskiego 2;R07;16 02 14;0,09
8028;Koszalin Paderewskiego 2;R07;17 09 04;168,92
8028;Koszalin Paderewskiego 2;R07;15 01 03;121,50
8028;Koszalin Paderewskiego 2;R07;15 01 01;32,70
8028;Koszalin Paderewskiego 2;R07;17 04 07;5,30
8028;Koszalin Paderewskiego 2;R07;15 01 02;6,76
8126;Komorniki Konopackiej 20;R04;17 04 05;2,66
8126;Komorniki Konopackiej 20;R04;15 01 10*;0,14
8126;Komorniki Konopackiej 20;R04;15 01 06;38,83
8126;Komorniki Konopackiej 20;R04;16 02 14;0,05
8126;Komorniki Konopackiej 20;R04;17 01 07;59,56
8126;Komorniki Konopackiej 20;R04;03 01 05;55,18
8126;Komorniki Konopackiej 20;R04;15 01 01;36,07
8126;Komorniki Konopackiej 20;R04;15 01 02;10,22
8040;Kielce Wrzosowa 42;R06;15 01 10*;0,08
8040;Kielce Wrzosowa 42;R06;16 03 03*;0,32
8040;Kielce Wrzosowa 42;R06;08 01 12;0,67
8040;Kielce Wrzosowa 42;R06;16 02 14;0,47
8040;Kielce Wrzosowa 42;R06;17 01 07;65,30
8040;Kielce Wrzosowa 42;R06;17 09 04;31,20
8040;Kielce Wrzosowa 42;R06;17 04 07;3,37
8040;Kielce Wrzosowa 42;R06;15 02 02*;0,13
8040;Kielce Wrzosowa 42;R06;15 01 06;23,66
8040;Kielce Wrzosowa 42;R06;07 04 81;0,05
8040;Kielce Wrzosowa 42;R06;15 01 03;96,68
8040;Kielce Wrzosowa 42;R06;16 02 13*;0,07
8040;Kielce Wrzosowa 42;R06;15 01 01;21,36
8040;Kielce Wrzosowa 42;R06;15 01 02;7,48
8040;Kielce Wrzosowa 42;R06;15 02 03;0,12
8065;Kêdzierzyn-KoŸle Armii Krajowej 40;R05;17 04 05;1,10
8065;Kêdzierzyn-KoŸle Armii Krajowej 40;R05;16 02 14;1,42
8065;Kêdzierzyn-KoŸle Armii Krajowej 40;R05;16 03 04;41,54
8065;Kêdzierzyn-KoŸle Armii Krajowej 40;R05;16 02 16;0,05
8065;Kêdzierzyn-KoŸle Armii Krajowej 40;R05;17 01 07;30,32
8065;Kêdzierzyn-KoŸle Armii Krajowej 40;R05;15 01 03;21,90
8065;Kêdzierzyn-KoŸle Armii Krajowej 40;R05;16 02 13*;0,18
8065;Kêdzierzyn-KoŸle Armii Krajowej 40;R05;15 01 01;24,27
8065;Kêdzierzyn-KoŸle Armii Krajowej 40;R05;15 01 02;9,00
8065;Kêdzierzyn-KoŸle Armii Krajowej 40;R05;16 02 11*;0,07
8007;Katowice RoŸdzieñskiego 198;R05;17 04 05;0,36
8007;Katowice RoŸdzieñskiego 198;R05;15 01 10*;0,77
8007;Katowice RoŸdzieñskiego 198;R05;16 03 03*;0,95
8007;Katowice RoŸdzieñskiego 198;R05;16 02 14;2,27
8007;Katowice RoŸdzieñskiego 198;R05;17 01 07;83,78
8007;Katowice RoŸdzieñskiego 198;R05;15 01 11*;0,01
8007;Katowice RoŸdzieñskiego 198;R05;15 01 06;70,94
8007;Katowice RoŸdzieñskiego 198;R05;07 04 81;0,14
8007;Katowice RoŸdzieñskiego 198;R05;15 01 03;81,31
8007;Katowice RoŸdzieñskiego 198;R05;15 01 01;55,12
8007;Katowice RoŸdzieñskiego 198;R05;07 04 80*;0,05
8007;Katowice RoŸdzieñskiego 198;R05;15 01 02;12,70
8007;Katowice RoŸdzieñskiego 198;R05;15 02 03;0,05
8037;Kalisz Tylna 17-23;R01;17 04 05;8,25
8037;Kalisz Tylna 17-23;R01;16 02 14;0,78
8037;Kalisz Tylna 17-23;R01;17 09 04;53,26
8037;Kalisz Tylna 17-23;R01;15 01 03;66,66
8037;Kalisz Tylna 17-23;R01;16 02 13*;0,17
8037;Kalisz Tylna 17-23;R01;15 01 01;29,16
8037;Kalisz Tylna 17-23;R01;15 01 02;8,48
8066;Jelenia Góra Jana Paw³a II 11;R03;17 04 05;1,00
8066;Jelenia Góra Jana Paw³a II 11;R03;16 02 14;0,13
8066;Jelenia Góra Jana Paw³a II 11;R03;17 01 07;27,49
8066;Jelenia Góra Jana Paw³a II 11;R03;17 09 04;24,34
8066;Jelenia Góra Jana Paw³a II 11;R03;03 01 05;6,06
8066;Jelenia Góra Jana Paw³a II 11;R03;15 01 06;6,60
8066;Jelenia Góra Jana Paw³a II 11;R03;07 04 81;0,07
8066;Jelenia Góra Jana Paw³a II 11;R03;15 01 03;22,62
8066;Jelenia Góra Jana Paw³a II 11;R03;16 02 13*;0,13
8066;Jelenia Góra Jana Paw³a II 11;R03;15 01 01;33,66
8066;Jelenia Góra Jana Paw³a II 11;R03;15 01 02;14,02
8066;Jelenia Góra Jana Paw³a II 11;R03;15 02 03;0,12
8022;Gorzów Ksiêcia Czartoryskiego 1;R04;15 01 10*;0,27
8022;Gorzów Ksiêcia Czartoryskiego 1;R04;16 03 05*;0,07
8022;Gorzów Ksiêcia Czartoryskiego 1;R04;16 03 06;2,52
8022;Gorzów Ksiêcia Czartoryskiego 1;R04;17 09 04;157,72
8022;Gorzów Ksiêcia Czartoryskiego 1;R04;03 01 05;1,67
8022;Gorzów Ksiêcia Czartoryskiego 1;R04;15 01 11*;0,01
8022;Gorzów Ksiêcia Czartoryskiego 1;R04;17 04 07;5,84
8022;Gorzów Ksiêcia Czartoryskiego 1;R04;15 02 02*;0,06
8022;Gorzów Ksiêcia Czartoryskiego 1;R04;15 01 03;72,23
8022;Gorzów Ksiêcia Czartoryskiego 1;R04;15 01 01;22,17
8022;Gorzów Ksiêcia Czartoryskiego 1;R04;15 01 02;14,01
8044;¯ory Zjednoczonej Europy 26;R02;17 04 05;0,56
8044;¯ory Zjednoczonej Europy 26;R02;17 01 01;10,00
8044;¯ory Zjednoczonej Europy 26;R02;15 01 10*;0,12
8044;¯ory Zjednoczonej Europy 26;R02;16 02 14;0,08
8044;¯ory Zjednoczonej Europy 26;R02;17 01 07;139,50
8044;¯ory Zjednoczonej Europy 26;R02;08 01 11*;0,60
8044;¯ory Zjednoczonej Europy 26;R02;17 06 04;0,02
8044;¯ory Zjednoczonej Europy 26;R02;13 02 08*;0,06
8044;¯ory Zjednoczonej Europy 26;R02;15 01 03;8,10
8044;¯ory Zjednoczonej Europy 26;R02;16 02 13*;0,10
8044;¯ory Zjednoczonej Europy 26;R02;15 01 01;29,45
8044;¯ory Zjednoczonej Europy 26;R02;15 01 02;7,91
0;Castorama Olsztyn;;17 04 05;2,72
0;Castorama Olsztyn;;15 01 10*;2,50
0;Castorama Olsztyn;;15 01 06;15,67
0;Castorama Olsztyn;;16 02 14;0,02
0;Castorama Olsztyn;;17 09 04;53,70
0;Castorama Olsztyn;;15 01 03;46,78
0;Castorama Olsztyn;;15 01 01;23,88
0;Castorama Olsztyn;;15 01 02;8,18
0;Castorama Starogard Gdañski Zblewska 5;;17 04 05;1,30
0;Castorama Starogard Gdañski Zblewska 5;;17 02 03;1,02
0;Castorama Starogard Gdañski Zblewska 5;;15 01 10*;0,78
0;Castorama Starogard Gdañski Zblewska 5;;16 02 14;0,04
0;Castorama Starogard Gdañski Zblewska 5;;17 09 04;53,96
0;Castorama Starogard Gdañski Zblewska 5;;15 01 03;38,92
0;Castorama Starogard Gdañski Zblewska 5;;17 06 04;0,22
0;Castorama Starogard Gdañski Zblewska 5;;15 01 01;21,27
0;Castorama Starogard Gdañski Zblewska 5;;15 01 02;6,11
0;Castorama Tychy;;17 04 05;1,55
0;Castorama Tychy;;15 01 10*;0,14
0;Castorama Tychy;;20 02 01;1,00
0;Castorama Tychy;;16 03 05*;0,60
0;Castorama Tychy;;16 02 14;0,06
0;Castorama Tychy;;17 09 04;15,06
0;Castorama Tychy;;15 01 06;52,54
0;Castorama Tychy;;07 04 81;0,17
0;Castorama Tychy;;15 01 03;34,96
0;Castorama Tychy;;15 01 01;27,90
0;Castorama Tychy;;15 01 02;7,12
0;Castorama Rzeszów II;;17 04 05;4,00
0;Castorama Rzeszów II;;15 01 10*;0,17
0;Castorama Rzeszów II;;16 03 03*;1,34
0;Castorama Rzeszów II;;16 02 14;0,04
0;Castorama Rzeszów II;;16 03 04;1,73
0;Castorama Rzeszów II;;17 01 07;33,85
0;Castorama Rzeszów II;;17 09 04;10,40
0;Castorama Rzeszów II;;03 01 05;23,04
0;Castorama Rzeszów II;;13 02 08*;0,01
0;Castorama Rzeszów II;;07 04 81;0,09
0;Castorama Rzeszów II;;15 01 03;16,62
0;Castorama Rzeszów II;;15 01 01;45,93
0;Castorama Rzeszów II;;15 01 02;9,87
0;Castorama Smart Ostrów Wielkopolski;;17 01 01;11,98
0;Castorama Smart Ostrów Wielkopolski;;15 01 01;3,69
0;Castorama Smart Ostrów Wielkopolski;;15 01 02;0,41
0;Castorama Stargard Województwo: ZACHODNIOPOMORSKIE Powiat: stargardzki Gmina: Stargard Miejscowoœæ: Lipnik ul Stargardzka;;17 01 01;96,10
0;Castorama Stargard Województwo: ZACHODNIOPOMORSKIE Powiat: stargardzki Gmina: Stargard Miejscowoœæ: Lipnik ul Stargardzka;;16 02 14;0,03
0;Castorama Stargard Województwo: ZACHODNIOPOMORSKIE Powiat: stargardzki Gmina: Stargard Miejscowoœæ: Lipnik ul Stargardzka;;15 01 03;138,10
0;Castorama Stargard Województwo: ZACHODNIOPOMORSKIE Powiat: stargardzki Gmina: Stargard Miejscowoœæ: Lipnik ul Stargardzka;;15 01 01;28,97
0;Castorama Stargard Województwo: ZACHODNIOPOMORSKIE Powiat: stargardzki Gmina: Stargard Miejscowoœæ: Lipnik ul Stargardzka;;17 04 07;1,73
0;Castorama Stargard Województwo: ZACHODNIOPOMORSKIE Powiat: stargardzki Gmina: Stargard Miejscowoœæ: Lipnik ul Stargardzka;;15 01 02;5,08
0;Œwinoujœcie Smart Wojska Polskiego 96;;17 01 07;7,50
0;Œwinoujœcie Smart Wojska Polskiego 96;;15 01 01;5,64
0;Œwinoujœcie Smart Wojska Polskiego 96;;15 01 02;1,01
0;¯ary Broni Pancernej 15;;17 04 05;1,24
0;¯ary Broni Pancernej 15;;02 01 03;3,58
0;¯ary Broni Pancernej 15;;16 02 14;0,18
0;¯ary Broni Pancernej 15;;17 01 07;53,34
0;¯ary Broni Pancernej 15;;03 01 05;21,60
0;¯ary Broni Pancernej 15;;08 01 11*;0,28
0;¯ary Broni Pancernej 15;;17 06 04;4,18
0;¯ary Broni Pancernej 15;;15 01 03;44,65
0;¯ary Broni Pancernej 15;;15 01 01;18,26
0;¯ary Broni Pancernej 15;;15 01 02;6,34
0;Magazyn Centralny DC3;;16 03 04;71,43
0;Magazyn Centralny DC3;;15 01 03;23,42
0;Castorama P³ock;;16 02 14;0,37
0;Castorama P³ock;;17 09 04;67,02
0;Castorama P³ock;;15 01 01;15,40
0;Castorama P³ock;;15 01 02;3,13
0;Castorama Stalowa Wola;;15 01 10*;0,20
0;Castorama Stalowa Wola;;16 03 03*;0,10
0;Castorama Stalowa Wola;;16 02 14;0,13
0;Castorama Stalowa Wola;;17 01 07;97,48
0;Castorama Stalowa Wola;;15 01 11*;0,32
0;Castorama Stalowa Wola;;15 01 03;32,86
0;Castorama Stalowa Wola;;16 02 13*;0,11
0;Castorama Stalowa Wola;;15 01 01;11,49
0;Castorama Stalowa Wola;;07 04 80*;0,01
0;Castorama Stalowa Wola;;15 01 02;4,96
0;M³awa Castorama Smart;;15 01 06;10,88
0;M³awa Castorama Smart;;17 01 07;22,76
0;Otwock ul. Ryszarda Kukliñskiego;;17 01 01;29,04
0;Otwock ul. Ryszarda Kukliñskiego;;16 03 05*;0,93
0;Otwock ul. Ryszarda Kukliñskiego;;16 02 14;0,03
0;Otwock ul. Ryszarda Kukliñskiego;;03 01 05;27,31
0;Otwock ul. Ryszarda Kukliñskiego;;15 01 01;31,44
0;Otwock ul. Ryszarda Kukliñskiego;;17 04 07;0,30
0;Otwock ul. Ryszarda Kukliñskiego;;15 01 02;0,80
0;Otwock ul. Ryszarda Kukliñskiego;;15 02 03;0,30
0;Augustów Mazurska 10;;17 09 04;2,00
0;Augustów Mazurska 10;;15 01 01;3,50
0;Augustów Mazurska 10;;15 01 02;0,55
0;Castorama  K³odzko;;17 01 07;3,56
0;Castorama  K³odzko;;17 09 04;9,07
0;Castorama  K³odzko;;15 01 03;7,04
0;Castorama  K³odzko;;15 01 01;25,55
0;Castorama  K³odzko;;15 01 02;5,84
0;£om¿a Al. Pi³sudskiego 135;;15 01 01;4,68
0;£om¿a Al. Pi³sudskiego 135;;15 01 02;2,92
0;Warszawa Ursus Castorama Express;;17 09 04;1,96
0;Warszawa Bartycka 26;;17 02 01;31,17
0;Warszawa Bartycka 26;;17 01 07;70,17
0;Warszawa Bartycka 26;;17 09 04;21,46
0;Warszawa Bartycka 26;;15 01 01;9,90
0;Warszawa Bartycka 26;;15 01 02;1,26
